Date,Close
2014-07-09,6672.39990234375
2014-07-10,6690.2001953125
2014-07-13,6746.10009765625
2014-07-14,6710.5
2014-07-15,6784.7001953125
2014-07-16,6738.2998046875
2014-07-17,6749.5
2014-07-20,6728.39990234375
2014-07-21,6795.2998046875
2014-07-22,6798.2001953125
2014-07-23,6821.5
2014-07-24,6791.60009765625
2014-07-27,6788.10009765625
2014-07-28,6807.7998046875
2014-07-29,6773.39990234375
2014-07-30,6730.10009765625
2014-07-31,6679.2001953125
2014-08-03,6677.5
2014-08-04,6682.5
2014-08-05,6636.2001953125
2014-08-06,6597.39990234375
2014-08-07,6567.39990234375
2014-08-10,6632.7998046875
2014-08-11,6632.39990234375
2014-08-12,6656.7001953125
2014-08-13,6685.2998046875
2014-08-14,6689.10009765625
2014-08-17,6741.2998046875
2014-08-18,6779.2998046875
2014-08-19,6755.5
2014-08-20,6777.7001953125
2014-08-21,6775.2998046875
2014-08-25,6822.7998046875
2014-08-26,6830.7001953125
2014-08-27,6805.7998046875
2014-08-28,6819.7998046875
2014-08-31,6825.2998046875
2014-09-01,6829.2001953125
2014-09-02,6873.60009765625
2014-09-03,6878.0
2014-09-04,6855.10009765625
2014-09-07,6834.7998046875
2014-09-08,6829.0
2014-09-09,6830.10009765625
2014-09-10,6799.60009765625
2014-09-11,6807.0
2014-09-14,6804.2001953125
2014-09-15,6792.2001953125
2014-09-16,6780.89990234375
2014-09-17,6819.2998046875
2014-09-18,6837.89990234375
2014-09-21,6773.60009765625
2014-09-22,6676.10009765625
2014-09-23,6706.2998046875
2014-09-24,6639.7001953125
2014-09-25,6649.39990234375
2014-09-28,6646.60009765625
2014-09-29,6622.7001953125
2014-09-30,6557.5
2014-10-01,6446.39990234375
2014-10-02,6527.89990234375
2014-10-05,6563.7001953125
2014-10-06,6495.60009765625
2014-10-07,6482.2001953125
2014-10-08,6431.89990234375
2014-10-09,6340.0
2014-10-12,6366.2001953125
2014-10-13,6392.7001953125
2014-10-14,6211.60009765625
2014-10-15,6195.89990234375
2014-10-16,6310.2998046875
2014-10-19,6267.10009765625
2014-10-20,6372.2998046875
2014-10-21,6399.7001953125
2014-10-22,6419.2001953125
2014-10-23,6388.7001953125
2014-10-27,6363.5
2014-10-28,6402.2001953125
2014-10-29,6453.89990234375
2014-10-30,6463.60009765625
2014-10-31,6546.5
2014-11-03,6488.0
2014-11-04,6454.0
2014-11-05,6539.10009765625
2014-11-06,6551.2001953125
2014-11-07,6567.2001953125
2014-11-10,6611.2998046875
2014-11-11,6627.39990234375
2014-11-12,6611.0
2014-11-13,6635.5
2014-11-14,6654.39990234375
2014-11-17,6672.0
2014-11-18,6709.10009765625
2014-11-19,6696.60009765625
2014-11-20,6678.89990234375
2014-11-21,6750.7998046875
2014-11-24,6729.7998046875
2014-11-25,6731.10009765625
2014-11-26,6729.2001953125
2014-11-27,6723.39990234375
2014-11-28,6722.60009765625
2014-12-01,6656.39990234375
2014-12-02,6742.10009765625
2014-12-03,6716.60009765625
2014-12-04,6679.39990234375
2014-12-05,6742.7998046875
2014-12-08,6672.2001953125
2014-12-09,6529.5
2014-12-10,6500.0
2014-12-11,6461.7001953125
2014-12-12,6300.60009765625
2014-12-15,6182.7001953125
2014-12-16,6331.7998046875
2014-12-17,6336.5
2014-12-18,6466.0
2014-12-19,6545.2998046875
2014-12-22,6576.7001953125
2014-12-23,6598.2001953125
2014-12-24,6609.89990234375
2014-12-29,6633.5
2014-12-30,6547.0
2014-12-31,6566.10009765625
2015-01-02,6547.7998046875
2015-01-05,6417.2001953125
2015-01-06,6366.5
2015-01-07,6419.7998046875
2015-01-08,6570.0
2015-01-09,6501.10009765625
2015-01-12,6501.39990234375
2015-01-13,6542.2001953125
2015-01-14,6388.5
2015-01-15,6498.7998046875
2015-01-16,6550.2998046875
2015-01-19,6585.5
2015-01-20,6620.10009765625
2015-01-21,6728.0
2015-01-22,6796.60009765625
2015-01-23,6832.7998046875
2015-01-26,6852.39990234375
2015-01-27,6811.60009765625
2015-01-28,6825.89990234375
2015-01-29,6810.60009765625
2015-01-30,6749.39990234375
2015-02-02,6782.60009765625
2015-02-03,6871.7998046875
2015-02-04,6860.0
2015-02-05,6865.89990234375
2015-02-06,6853.39990234375
2015-02-09,6837.2001953125
2015-02-10,6829.10009765625
2015-02-11,6818.2001953125
2015-02-12,6828.10009765625
2015-02-13,6873.5
2015-02-16,6857.10009765625
2015-02-17,6898.10009765625
2015-02-18,6898.10009765625
2015-02-19,6888.89990234375
2015-02-20,6915.2001953125
2015-02-23,6912.2001953125
2015-02-24,6949.60009765625
2015-02-25,6935.39990234375
2015-02-26,6949.7001953125
2015-02-27,6946.7001953125
2015-03-02,6940.60009765625
2015-03-03,6889.10009765625
2015-03-04,6919.2001953125
2015-03-05,6961.10009765625
2015-03-06,6911.7998046875
2015-03-09,6876.5
2015-03-10,6702.7998046875
2015-03-11,6721.5
2015-03-12,6761.10009765625
2015-03-13,6740.60009765625
2015-03-16,6804.10009765625
2015-03-17,6837.60009765625
2015-03-18,6945.2001953125
2015-03-19,6962.2998046875
2015-03-20,7022.5
2015-03-23,7037.7001953125
2015-03-24,7019.7001953125
2015-03-25,6991.0
2015-03-26,6895.2998046875
2015-03-27,6855.0
2015-03-29,6891.39990234375
2015-03-30,6773.0
2015-03-31,6809.5
2015-04-01,6833.5
2015-04-06,6961.7998046875
2015-04-07,6937.39990234375
2015-04-08,7015.39990234375
2015-04-09,7089.7998046875
2015-04-12,7064.2998046875
2015-04-13,7075.2998046875
2015-04-14,7096.7998046875
2015-04-15,7060.5
2015-04-16,6994.60009765625
2015-04-19,7052.10009765625
2015-04-20,7062.89990234375
2015-04-21,7028.2001953125
2015-04-22,7053.7001953125
2015-04-23,7070.7001953125
2015-04-26,7104.0
2015-04-27,7030.5
2015-04-28,6946.2998046875
2015-04-29,6960.60009765625
2015-04-30,6986.0
2015-05-04,6927.60009765625
2015-05-05,6933.7001953125
2015-05-06,6887.0
2015-05-07,7046.7998046875
2015-05-10,7029.89990234375
2015-05-11,6933.7998046875
2015-05-12,6949.60009765625
2015-05-13,6973.0
2015-05-14,6960.5
2015-05-17,6968.89990234375
2015-05-18,6995.10009765625
2015-05-19,7007.2998046875
2015-05-20,7013.5
2015-05-21,7031.7001953125
2015-05-25,6949.0
2015-05-26,7033.2998046875
2015-05-27,7040.89990234375
2015-05-28,6984.39990234375
2015-05-31,6953.60009765625
2015-06-01,6928.2998046875
2015-06-02,6950.5
2015-06-03,6859.2001953125
2015-06-04,6804.60009765625
2015-06-07,6790.0
2015-06-08,6753.7998046875
2015-06-09,6830.2998046875
2015-06-10,6846.7001953125
2015-06-11,6784.89990234375
2015-06-14,6710.5
2015-06-15,6710.10009765625
2015-06-16,6680.60009765625
2015-06-17,6707.89990234375
2015-06-18,6710.5
2015-06-21,6825.7001953125
2015-06-22,6834.89990234375
2015-06-23,6844.7998046875
2015-06-24,6807.7998046875
2015-06-25,6753.7001953125
2015-06-28,6620.5
2015-06-29,6521.0
2015-06-30,6608.60009765625
2015-07-01,6630.5
2015-07-02,6585.7998046875
2015-07-05,6535.7001953125
2015-07-06,6432.2001953125
2015-07-07,6490.7001953125
2015-07-08,6581.60009765625
2015-07-09,6673.39990234375
2015-07-12,6738.0
2015-07-13,6753.7998046875
2015-07-14,6753.7998046875
2015-07-15,6796.5
2015-07-16,6775.10009765625
2015-07-19,6788.7001953125
2015-07-20,6769.10009765625
2015-07-21,6667.2998046875
2015-07-22,6655.0
2015-07-23,6579.7998046875
2015-07-26,6505.10009765625
2015-07-27,6555.2998046875
2015-07-28,6631.0
2015-07-29,6668.89990234375
2015-07-30,6696.2998046875
2015-08-02,6688.60009765625
2015-08-03,6686.60009765625
2015-08-04,6752.39990234375
2015-08-05,6747.10009765625
2015-08-06,6718.5
2015-08-09,6736.2001953125
2015-08-10,6664.5
2015-08-11,6571.2001953125
2015-08-12,6568.2998046875
2015-08-13,6550.7001953125
2015-08-16,6550.2998046875
2015-08-17,6526.2998046875
2015-08-18,6403.5
2015-08-19,6367.89990234375
2015-08-20,6187.7001953125
2015-08-23,5898.89990234375
2015-08-24,6081.2998046875
2015-08-25,5979.2001953125
2015-08-26,6192.0
2015-08-27,6247.89990234375
2015-08-31,6058.5
2015-09-01,6083.2998046875
2015-09-02,6194.10009765625
2015-09-03,6042.89990234375
2015-09-06,6074.5
2015-09-07,6146.10009765625
2015-09-08,6229.0
2015-09-09,6155.7998046875
2015-09-10,6117.7998046875
2015-09-13,6084.60009765625
2015-09-14,6137.60009765625
2015-09-15,6229.2001953125
2015-09-16,6187.0
2015-09-17,6104.10009765625
2015-09-20,6108.7001953125
2015-09-21,5935.7998046875
2015-09-22,6032.2001953125
2015-09-23,5961.5
2015-09-24,6109.0
2015-09-27,5958.89990234375
2015-09-28,5909.2001953125
2015-09-29,6061.60009765625
2015-09-30,6072.5
2015-10-01,6130.0
2015-10-04,6298.89990234375
2015-10-05,6326.2001953125
2015-10-06,6336.39990234375
2015-10-07,6374.7998046875
2015-10-08,6416.2001953125
2015-10-11,6371.2001953125
2015-10-12,6342.2998046875
2015-10-13,6269.60009765625
2015-10-14,6338.7001953125
2015-10-15,6378.0
2015-10-18,6352.2998046875
2015-10-19,6345.10009765625
2015-10-20,6348.39990234375
2015-10-21,6376.2998046875
2015-10-22,6444.10009765625
2015-10-26,6417.0
2015-10-27,6365.2998046875
2015-10-28,6437.7998046875
2015-10-29,6395.7998046875
2015-10-30,6361.10009765625
2015-11-02,6361.7998046875
2015-11-03,6383.60009765625
2015-11-04,6412.89990234375
2015-11-05,6364.89990234375
2015-11-06,6353.7998046875
2015-11-09,6295.2001953125
2015-11-10,6275.2998046875
2015-11-11,6297.2001953125
2015-11-12,6178.7001953125
2015-11-13,6118.2998046875
2015-11-16,6146.39990234375
2015-11-17,6268.7998046875
2015-11-18,6279.0
2015-11-19,6329.89990234375
2015-11-20,6334.60009765625
2015-11-23,6305.5
2015-11-24,6277.2001953125
2015-11-25,6337.60009765625
2015-11-26,6393.10009765625
2015-11-27,6375.2001953125
2015-11-30,6356.10009765625
2015-12-01,6395.7001953125
2015-12-02,6420.89990234375
2015-12-03,6275.0
2015-12-04,6238.2998046875
2015-12-07,6223.5
2015-12-08,6135.2001953125
2015-12-09,6126.7001953125
2015-12-10,6088.10009765625
2015-12-11,5952.7998046875
2015-12-14,5874.10009765625
2015-12-15,6017.7998046875
2015-12-16,6061.2001953125
2015-12-17,6102.5
2015-12-18,6052.39990234375
2015-12-21,6034.7998046875
2015-12-22,6083.10009765625
2015-12-23,6241.0
2015-12-24,6254.60009765625
2015-12-29,6314.60009765625
2015-12-30,6274.10009765625
2015-12-31,6242.2998046875
2016-01-04,6093.39990234375
2016-01-05,6137.2001953125
2016-01-06,6073.39990234375
2016-01-07,5954.10009765625
2016-01-08,5912.39990234375
2016-01-11,5871.7998046875
2016-01-12,5929.2001953125
2016-01-13,5961.0
2016-01-14,5918.2001953125
2016-01-15,5804.10009765625
2016-01-18,5779.89990234375
2016-01-19,5876.7998046875
2016-01-20,5673.60009765625
2016-01-21,5773.7998046875
2016-01-22,5900.0
2016-01-25,5877.0
2016-01-26,5911.5
2016-01-27,5990.39990234375
2016-01-28,5931.7998046875
2016-01-29,6083.7998046875
2016-02-01,6060.10009765625
2016-02-02,5922.0
2016-02-03,5837.10009765625
2016-02-04,5898.7998046875
2016-02-05,5848.10009765625
2016-02-08,5689.39990234375
2016-02-09,5632.2001953125
2016-02-10,5672.2998046875
2016-02-11,5537.0
2016-02-12,5707.60009765625
2016-02-15,5824.2998046875
2016-02-16,5862.2001953125
2016-02-17,6030.2998046875
2016-02-18,5972.0
2016-02-19,5950.2001953125
2016-02-22,6037.7001953125
2016-02-23,5962.2998046875
2016-02-24,5867.2001953125
2016-02-25,6012.7998046875
2016-02-26,6096.0
2016-02-29,6097.10009765625
2016-03-01,6152.89990234375
2016-03-02,6147.10009765625
2016-03-03,6130.5
2016-03-04,6199.39990234375
2016-03-07,6182.39990234375
2016-03-08,6125.39990234375
2016-03-09,6146.2998046875
2016-03-10,6036.7001953125
2016-03-11,6139.7998046875
2016-03-14,6174.60009765625
2016-03-15,6140.0
2016-03-16,6175.5
2016-03-17,6201.10009765625
2016-03-18,6189.60009765625
2016-03-21,6184.60009765625
2016-03-22,6192.7001953125
2016-03-23,6199.10009765625
2016-03-24,6106.5
2016-03-28,6105.89990234375
2016-03-29,6203.2001953125
2016-03-30,6174.89990234375
2016-03-31,6146.10009765625
2016-04-03,6164.7001953125
2016-04-04,6091.2001953125
2016-04-05,6161.60009765625
2016-04-06,6136.89990234375
2016-04-07,6204.39990234375
2016-04-10,6200.10009765625
2016-04-11,6242.39990234375
2016-04-12,6362.89990234375
2016-04-13,6365.10009765625
2016-04-14,6343.7998046875
2016-04-17,6353.5
2016-04-18,6405.39990234375
2016-04-19,6410.2998046875
2016-04-20,6381.39990234375
2016-04-21,6310.39990234375
2016-04-24,6260.89990234375
2016-04-25,6284.5
2016-04-26,6319.89990234375
2016-04-27,6322.39990234375
2016-04-28,6241.89990234375
2016-05-02,6185.60009765625
2016-05-03,6112.0
2016-05-04,6117.2998046875
2016-05-05,6125.7001953125
2016-05-08,6114.7998046875
2016-05-09,6156.7001953125
2016-05-10,6162.5
2016-05-11,6104.2001953125
2016-05-12,6138.5
2016-05-15,6151.39990234375
2016-05-16,6167.7998046875
2016-05-17,6165.7998046875
2016-05-18,6053.39990234375
2016-05-19,6156.2998046875
2016-05-22,6136.39990234375
2016-05-23,6219.2998046875
2016-05-24,6262.89990234375
2016-05-25,6265.7001953125
2016-05-26,6270.7998046875
2016-05-30,6230.7998046875
2016-05-31,6191.89990234375
2016-06-01,6185.60009765625
2016-06-02,6209.60009765625
2016-06-05,6273.39990234375
2016-06-06,6284.5
2016-06-07,6301.5
2016-06-08,6231.89990234375
2016-06-09,6115.7998046875
2016-06-12,6045.0
2016-06-13,5923.5
2016-06-14,5966.7998046875
2016-06-15,5950.5
2016-06-16,6021.10009765625
2016-06-19,6204.0
2016-06-20,6226.60009765625
2016-06-21,6261.2001953125
2016-06-22,6338.10009765625
2016-06-23,6138.7001953125
2016-06-26,5982.2001953125
2016-06-27,6140.39990234375
2016-06-28,6360.10009765625
2016-06-29,6504.2998046875
2016-06-30,6577.7998046875
2016-07-03,6522.2998046875
2016-07-04,6545.39990234375
2016-07-05,6463.60009765625
2016-07-06,6533.7998046875
2016-07-07,6590.60009765625
2016-07-10,6682.89990234375
2016-07-11,6680.7001953125
2016-07-12,6670.39990234375
2016-07-13,6654.5
2016-07-14,6669.2001953125
2016-07-17,6695.39990234375
2016-07-18,6697.39990234375
2016-07-19,6729.0
2016-07-20,6699.89990234375
2016-07-21,6730.5
2016-07-24,6710.10009765625
2016-07-25,6724.0
2016-07-26,6750.39990234375
2016-07-27,6721.10009765625
2016-07-28,6724.39990234375
2016-07-31,6694.0
2016-08-01,6645.39990234375
2016-08-02,6634.39990234375
2016-08-03,6740.2001953125
2016-08-04,6793.5
2016-08-07,6809.10009765625
2016-08-08,6851.2998046875
2016-08-09,6866.39990234375
2016-08-10,6914.7001953125
2016-08-11,6916.0
2016-08-14,6941.2001953125
2016-08-15,6893.89990234375
2016-08-16,6859.2001953125
2016-08-17,6869.0
2016-08-18,6859.0
2016-08-21,6828.5
2016-08-22,6868.5
2016-08-23,6835.7998046875
2016-08-24,6816.89990234375
2016-08-25,6838.10009765625
2016-08-29,6820.7998046875
2016-08-30,6781.5
2016-08-31,6746.0
2016-09-01,6894.60009765625
2016-09-04,6879.39990234375
2016-09-05,6826.10009765625
2016-09-06,6846.60009765625
2016-09-07,6858.7001953125
2016-09-08,6777.0
2016-09-11,6700.89990234375
2016-09-12,6665.60009765625
2016-09-13,6673.2998046875
2016-09-14,6730.2998046875
2016-09-15,6710.2998046875
2016-09-18,6813.60009765625
2016-09-19,6830.7998046875
2016-09-20,6834.7998046875
2016-09-21,6911.39990234375
2016-09-22,6909.39990234375
2016-09-25,6818.0
2016-09-26,6807.7001953125
2016-09-27,6849.39990234375
2016-09-28,6919.39990234375
2016-09-29,6899.2998046875
2016-10-02,6983.5
2016-10-03,7074.2998046875
2016-10-04,7033.2998046875
2016-10-05,7000.0
2016-10-06,7044.39990234375
2016-10-09,7097.5
2016-10-10,7070.89990234375
2016-10-11,7024.0
2016-10-12,6977.7001953125
2016-10-13,7013.60009765625
2016-10-16,6947.60009765625
2016-10-17,7000.10009765625
2016-10-18,7021.89990234375
2016-10-19,7026.89990234375
2016-10-20,7020.5
2016-10-23,6986.39990234375
2016-10-24,7017.60009765625
2016-10-25,6958.10009765625
2016-10-26,6986.60009765625
2016-10-27,6996.2998046875
2016-10-31,6954.2001953125
2016-11-01,6917.10009765625
2016-11-02,6845.39990234375
2016-11-03,6790.5
2016-11-04,6693.2998046875
2016-11-07,6806.89990234375
2016-11-08,6843.10009765625
2016-11-09,6911.7998046875
2016-11-10,6828.0
2016-11-11,6730.39990234375
2016-11-14,6753.2001953125
2016-11-15,6792.7001953125
2016-11-16,6749.7001953125
2016-11-17,6794.7001953125
2016-11-18,6775.7998046875
2016-11-21,6778.0
2016-11-22,6819.7001953125
2016-11-23,6817.7001953125
2016-11-24,6829.2001953125
2016-11-25,6840.7998046875
2016-11-28,6799.5
2016-11-29,6772.0
2016-11-30,6783.7998046875
2016-12-01,6752.89990234375
2016-12-02,6730.7001953125
2016-12-05,6746.7998046875
2016-12-06,6779.7998046875
2016-12-07,6902.2001953125
2016-12-08,6931.60009765625
2016-12-09,6954.2001953125
2016-12-12,6890.39990234375
2016-12-13,6968.60009765625
2016-12-14,6949.2001953125
2016-12-15,6999.0
2016-12-16,7011.60009765625
2016-12-19,7017.2001953125
2016-12-20,7044.0
2016-12-21,7041.39990234375
2016-12-22,7063.7001953125
2016-12-23,7068.2001953125
2016-12-28,7106.10009765625
2016-12-29,7120.2998046875
2016-12-30,7142.7998046875
2017-01-03,7177.89990234375
2017-01-04,7189.7001953125
2017-01-05,7195.2998046875
2017-01-06,7210.10009765625
2017-01-09,7237.7998046875
2017-01-10,7275.5
2017-01-11,7290.5
2017-01-12,7292.39990234375
2017-01-13,7337.7998046875
2017-01-16,7327.10009765625
2017-01-17,7220.39990234375
2017-01-18,7247.60009765625
2017-01-19,7208.39990234375
2017-01-20,7198.39990234375
2017-01-23,7151.2001953125
2017-01-24,7150.2998046875
2017-01-25,7164.39990234375
2017-01-26,7161.5
2017-01-27,7184.5
2017-01-30,7118.5
2017-01-31,7099.2001953125
2017-02-01,7107.7001953125
2017-02-02,7140.7998046875
2017-02-03,7188.2998046875
2017-02-06,7172.2001953125
2017-02-07,7186.2001953125
2017-02-08,7188.7998046875
2017-02-09,7229.5
2017-02-10,7258.7998046875
2017-02-13,7278.89990234375
2017-02-14,7268.60009765625
2017-02-15,7302.39990234375
2017-02-16,7277.89990234375
2017-02-17,7300.0
2017-02-20,7299.89990234375
2017-02-21,7274.7998046875
2017-02-22,7302.2998046875
2017-02-23,7271.39990234375
2017-02-24,7243.7001953125
2017-02-27,7253.0
2017-02-28,7263.39990234375
2017-03-01,7382.89990234375
2017-03-02,7382.39990234375
2017-03-03,7374.2998046875
2017-03-06,7350.10009765625
2017-03-07,7339.0
2017-03-08,7334.60009765625
2017-03-09,7315.0
2017-03-10,7343.10009765625
2017-03-13,7367.10009765625
2017-03-14,7357.89990234375
2017-03-15,7368.60009765625
2017-03-16,7416.0
2017-03-17,7425.0
2017-03-20,7429.7998046875
2017-03-21,7378.2998046875
2017-03-22,7324.7001953125
2017-03-23,7340.7001953125
2017-03-24,7336.7998046875
2017-03-26,7293.5
2017-03-27,7343.39990234375
2017-03-28,7373.7001953125
2017-03-29,7369.5
2017-03-30,7322.89990234375
2017-04-02,7282.7001953125
2017-04-03,7321.7998046875
2017-04-04,7331.7001953125
2017-04-05,7303.2001953125
2017-04-06,7349.39990234375
2017-04-09,7348.89990234375
2017-04-10,7365.5
2017-04-11,7349.0
2017-04-12,7327.60009765625
2017-04-17,7147.5
2017-04-18,7114.39990234375
2017-04-19,7118.5
2017-04-20,7114.60009765625
2017-04-23,7264.7001953125
2017-04-24,7275.60009765625
2017-04-25,7288.7001953125
2017-04-26,7237.2001953125
2017-04-27,7203.89990234375
2017-05-01,7250.10009765625
2017-05-02,7234.5
2017-05-03,7248.10009765625
2017-05-04,7297.39990234375
2017-05-07,7300.89990234375
2017-05-08,7342.2001953125
2017-05-09,7385.2001953125
2017-05-10,7386.60009765625
2017-05-11,7435.39990234375
2017-05-14,7454.39990234375
2017-05-15,7522.0
2017-05-16,7503.5
2017-05-17,7436.39990234375
2017-05-18,7470.7001953125
2017-05-21,7496.2998046875
2017-05-22,7485.2998046875
2017-05-23,7514.89990234375
2017-05-24,7517.7001953125
2017-05-25,7547.60009765625
2017-05-29,7526.5
2017-05-30,7520.0
2017-05-31,7543.7998046875
2017-06-01,7547.60009765625
2017-06-04,7525.7998046875
2017-06-05,7525.0
2017-06-06,7478.60009765625
2017-06-07,7450.0
2017-06-08,7527.2998046875
2017-06-11,7511.89990234375
2017-06-12,7500.39990234375
2017-06-13,7474.39990234375
2017-06-14,7419.39990234375
2017-06-15,7463.5
2017-06-18,7523.7998046875
2017-06-19,7472.7001953125
2017-06-20,7447.7998046875
2017-06-21,7439.2998046875
2017-06-22,7424.10009765625
2017-06-25,7446.7998046875
2017-06-26,7434.39990234375
2017-06-27,7387.7998046875
2017-06-28,7350.2998046875
2017-06-29,7312.7001953125
2017-07-02,7377.10009765625
2017-07-03,7357.2001953125
2017-07-04,7367.60009765625
2017-07-05,7337.2998046875
2017-07-06,7350.89990234375
2017-07-09,7370.0
2017-07-10,7329.7998046875
2017-07-11,7416.89990234375
2017-07-12,7413.39990234375
2017-07-13,7378.39990234375
2017-07-16,7404.10009765625
2017-07-17,7390.2001953125
2017-07-18,7430.89990234375
2017-07-19,7487.89990234375
2017-07-20,7452.89990234375
2017-07-23,7377.7001953125
2017-07-24,7434.7998046875
2017-07-25,7452.2998046875
2017-07-26,7443.0
2017-07-27,7368.39990234375
2017-07-30,7372.0
2017-07-31,7423.7001953125
2017-08-01,7411.39990234375
2017-08-02,7474.7998046875
2017-08-03,7511.7001953125
2017-08-06,7531.89990234375
2017-08-07,7542.7001953125
2017-08-08,7498.10009765625
2017-08-09,7389.89990234375
2017-08-10,7310.0
2017-08-13,7353.89990234375
2017-08-14,7383.89990234375
2017-08-15,7433.0
2017-08-16,7387.89990234375
2017-08-17,7324.0
2017-08-20,7318.89990234375
2017-08-21,7381.7001953125
2017-08-22,7382.7001953125
2017-08-23,7407.10009765625
2017-08-24,7401.5
2017-08-28,7337.39990234375
2017-08-29,7365.2998046875
2017-08-30,7430.60009765625
2017-08-31,7438.5
2017-09-03,7411.5
2017-09-04,7372.89990234375
2017-09-05,7354.10009765625
2017-09-06,7397.0
2017-09-07,7377.60009765625
2017-09-10,7413.60009765625
2017-09-11,7400.7001953125
2017-09-12,7379.7001953125
2017-09-13,7295.39990234375
2017-09-14,7215.5
2017-09-17,7253.2998046875
2017-09-18,7275.2998046875
2017-09-19,7272.0
2017-09-20,7263.89990234375
2017-09-21,7310.60009765625
2017-09-24,7301.2998046875
2017-09-25,7285.7001953125
2017-09-26,7313.5
2017-09-27,7322.7998046875
2017-09-28,7372.7998046875
2017-10-01,7438.7998046875
2017-10-02,7468.10009765625
2017-10-03,7467.60009765625
2017-10-04,7508.0
2017-10-05,7522.89990234375
2017-10-08,7507.89990234375
2017-10-09,7538.2998046875
2017-10-10,7533.7998046875
2017-10-11,7556.2001953125
2017-10-12,7535.39990234375
2017-10-15,7527.0
2017-10-16,7516.2001953125
2017-10-17,7542.89990234375
2017-10-18,7523.0
2017-10-19,7523.2001953125
2017-10-22,7524.5
2017-10-23,7526.5
2017-10-24,7447.2001953125
2017-10-25,7486.5
2017-10-26,7505.0
2017-10-30,7487.7998046875
2017-10-31,7493.10009765625
2017-11-01,7488.0
2017-11-02,7555.2998046875
2017-11-03,7560.39990234375
2017-11-06,7562.2998046875
2017-11-07,7513.10009765625
2017-11-08,7529.7001953125
2017-11-09,7484.10009765625
2017-11-10,7433.0
2017-11-13,7415.2001953125
2017-11-14,7414.39990234375
2017-11-15,7372.60009765625
2017-11-16,7386.89990234375
2017-11-17,7380.7001953125
2017-11-20,7389.5
2017-11-21,7411.2998046875
2017-11-22,7419.0
2017-11-23,7417.2001953125
2017-11-24,7409.60009765625
2017-11-27,7383.89990234375
2017-11-28,7460.7001953125
2017-11-29,7393.60009765625
2017-11-30,7326.7001953125
2017-12-01,7300.5
2017-12-04,7339.0
2017-12-05,7327.5
2017-12-06,7348.0
2017-12-07,7320.7998046875
2017-12-08,7394.0
2017-12-11,7453.5
2017-12-12,7500.39990234375
2017-12-13,7496.5
2017-12-14,7448.10009765625
2017-12-15,7490.60009765625
2017-12-18,7537.0
2017-12-19,7544.10009765625
2017-12-20,7525.2001953125
2017-12-21,7604.0
2017-12-22,7592.7001953125
2017-12-27,7620.7001953125
2017-12-28,7622.89990234375
2017-12-29,7687.7998046875
2018-01-02,7648.10009765625
2018-01-03,7671.10009765625
2018-01-04,7695.89990234375
2018-01-05,7724.2001953125
2018-01-08,7696.5
2018-01-09,7731.0
2018-01-10,7748.5
2018-01-11,7762.89990234375
2018-01-12,7778.60009765625
2018-01-15,7769.10009765625
2018-01-16,7755.89990234375
2018-01-17,7725.39990234375
2018-01-18,7701.0
2018-01-19,7730.7998046875
2018-01-22,7715.39990234375
2018-01-23,7731.7998046875
2018-01-24,7643.39990234375
2018-01-25,7615.7998046875
2018-01-26,7665.5
2018-01-29,7671.5
2018-01-30,7588.0
2018-01-31,7533.60009765625
2018-02-01,7490.39990234375
2018-02-02,7443.39990234375
2018-02-05,7335.0
2018-02-06,7141.39990234375
2018-02-07,7279.39990234375
2018-02-08,7170.7001953125
2018-02-09,7092.39990234375
2018-02-12,7177.10009765625
2018-02-13,7168.0
2018-02-14,7214.0
2018-02-15,7234.7998046875
2018-02-16,7294.7001953125
2018-02-19,7247.7001953125
2018-02-20,7246.7998046875
2018-02-21,7281.60009765625
2018-02-22,7252.39990234375
2018-02-23,7244.39990234375
2018-02-26,7289.60009765625
2018-02-27,7282.5
2018-02-28,7231.89990234375
2018-03-01,7175.60009765625
2018-03-02,7069.89990234375
2018-03-05,7116.0
2018-03-06,7146.7998046875
2018-03-07,7157.7998046875
2018-03-08,7203.2001953125
2018-03-09,7224.5
2018-03-12,7214.7998046875
2018-03-13,7138.7998046875
2018-03-14,7132.7001953125
2018-03-15,7139.7998046875
2018-03-16,7164.10009765625
2018-03-19,7042.89990234375
2018-03-20,7061.2998046875
2018-03-21,7039.0
2018-03-22,6952.60009765625
2018-03-23,6921.89990234375
2018-03-25,6888.7001953125
2018-03-26,7000.10009765625
2018-03-27,7044.7001953125
2018-03-28,7056.60009765625
2018-04-02,7030.5
2018-04-03,7034.0
2018-04-04,7199.5
2018-04-05,7183.60009765625
2018-04-08,7194.7998046875
2018-04-09,7266.7998046875
2018-04-10,7257.10009765625
2018-04-11,7258.2998046875
2018-04-12,7264.60009765625
2018-04-15,7198.2001953125
2018-04-16,7226.10009765625
2018-04-17,7317.2998046875
2018-04-18,7328.89990234375
2018-04-19,7368.2001953125
2018-04-22,7398.89990234375
2018-04-23,7425.39990234375
2018-04-24,7379.2998046875
2018-04-25,7421.39990234375
2018-04-26,7502.2001953125
2018-04-29,7509.2998046875
2018-04-30,7520.39990234375
2018-05-01,7543.2001953125
2018-05-02,7502.7001953125
2018-05-03,7567.10009765625
2018-05-07,7565.7998046875
2018-05-08,7662.5
2018-05-09,7701.0
2018-05-10,7724.60009765625
2018-05-13,7711.0
2018-05-14,7723.0
2018-05-15,7734.2001953125
2018-05-16,7788.0
2018-05-17,7778.7998046875
2018-05-20,7859.2001953125
2018-05-21,7877.5
2018-05-22,7788.39990234375
2018-05-23,7716.7001953125
2018-05-24,7730.2998046875
2018-05-28,7632.60009765625
2018-05-29,7689.60009765625
2018-05-30,7678.2001953125
2018-05-31,7701.7998046875
2018-06-03,7741.2998046875
2018-06-04,7686.7998046875
2018-06-05,7712.39990234375
2018-06-06,7704.39990234375
2018-06-07,7681.10009765625
2018-06-10,7737.39990234375
2018-06-11,7703.7998046875
2018-06-12,7703.7001953125
2018-06-13,7765.7998046875
2018-06-14,7633.89990234375
2018-06-17,7631.2998046875
2018-06-18,7603.89990234375
2018-06-19,7627.39990234375
2018-06-20,7556.39990234375
2018-06-21,7682.2998046875
2018-06-24,7509.7998046875
2018-06-25,7537.89990234375
2018-06-26,7621.7001953125
2018-06-27,7615.60009765625
2018-06-28,7636.89990234375
2018-07-01,7547.89990234375
2018-07-02,7593.2998046875
2018-07-03,7573.10009765625
2018-07-04,7603.2001953125
2018-07-05,7617.7001953125
2018-07-08,7688.0
2018-07-09,7692.0
2018-07-10,7592.0
2018-07-11,7651.2998046875
2018-07-12,7661.89990234375
2018-07-15,7600.5
2018-07-16,7626.2998046875
2018-07-17,7676.2998046875
2018-07-18,7684.0
2018-07-19,7678.7998046875
2018-07-22,7655.7998046875
2018-07-23,7709.10009765625
2018-07-24,7658.2998046875
2018-07-25,7663.2001953125
2018-07-26,7701.2998046875
2018-07-29,7700.89990234375
2018-07-30,7748.7998046875
2018-07-31,7652.89990234375
2018-08-01,7575.89990234375
2018-08-02,7659.10009765625
2018-08-05,7663.7998046875
2018-08-06,7718.5
2018-08-07,7776.7001953125
2018-08-08,7741.7998046875
2018-08-09,7667.0
2018-08-12,7642.5
2018-08-13,7611.60009765625
2018-08-14,7497.89990234375
2018-08-15,7556.39990234375
2018-08-16,7558.60009765625
2018-08-19,7591.2998046875
2018-08-20,7565.7001953125
2018-08-21,7574.2001953125
2018-08-22,7563.2001953125
2018-08-23,7577.5
2018-08-27,7617.2001953125
2018-08-28,7563.2001953125
2018-08-29,7516.0
2018-08-30,7432.39990234375
2018-09-02,7504.60009765625
2018-09-03,7457.89990234375
2018-09-04,7383.2998046875
2018-09-05,7319.0
2018-09-06,7277.7001953125
2018-09-09,7279.2998046875
2018-09-10,7273.5
2018-09-11,7313.39990234375
2018-09-12,7281.60009765625
2018-09-13,7304.0
2018-09-16,7302.10009765625
2018-09-17,7300.2001953125
2018-09-18,7331.10009765625
2018-09-19,7367.2998046875
2018-09-20,7490.2001953125
2018-09-23,7458.39990234375
2018-09-24,7507.60009765625
2018-09-25,7511.5
2018-09-26,7545.39990234375
2018-09-27,7510.2001953125
2018-09-30,7495.7001953125
2018-10-01,7474.60009765625
2018-10-02,7510.2998046875
2018-10-03,7418.2998046875
2018-10-04,7318.5
2018-10-07,7233.2998046875
2018-10-08,7237.60009765625
2018-10-09,7145.7001953125
2018-10-10,7006.89990234375
2018-10-11,6995.89990234375
2018-10-14,7029.2001953125
2018-10-15,7059.39990234375
2018-10-16,7054.60009765625
2018-10-17,7027.0
2018-10-18,7049.7998046875
2018-10-21,7042.7998046875
2018-10-22,6955.2001953125
2018-10-23,6963.0
2018-10-24,7004.10009765625
2018-10-25,6939.60009765625
2018-10-29,7026.2998046875
2018-10-30,7035.89990234375
2018-10-31,7128.10009765625
2018-11-01,7114.7001953125
2018-11-02,7094.10009765625
2018-11-05,7103.7998046875
2018-11-06,7040.7001953125
2018-11-07,7117.2998046875
2018-11-08,7140.7001953125
2018-11-09,7105.2998046875
2018-11-12,7053.10009765625
2018-11-13,7053.7998046875
2018-11-14,7033.7998046875
2018-11-15,7038.0
2018-11-16,7013.89990234375
2018-11-19,7000.89990234375
2018-11-20,6947.89990234375
2018-11-21,7050.2001953125
2018-11-22,6960.2998046875
2018-11-23,6952.89990234375
2018-11-26,7036.0
2018-11-27,7016.89990234375
2018-11-28,7004.5
2018-11-29,7039.0
2018-11-30,6980.2001953125
2018-12-03,7062.39990234375
2018-12-04,7022.7998046875
2018-12-05,6921.7998046875
2018-12-06,6704.10009765625
2018-12-07,6778.10009765625
2018-12-10,6721.5
2018-12-11,6806.89990234375
2018-12-12,6880.2001953125
2018-12-13,6877.5
2018-12-14,6845.2001953125
2018-12-17,6773.2001953125
2018-12-18,6701.60009765625
2018-12-19,6765.89990234375
2018-12-20,6711.89990234375
2018-12-21,6721.2001953125
2018-12-24,6686.0
2018-12-27,6584.7001953125
2018-12-28,6734.0
2018-12-31,6728.10009765625
2019-01-02,6734.2001953125
2019-01-03,6692.7001953125
2019-01-04,6837.39990234375
2019-01-07,6810.89990234375
2019-01-08,6861.60009765625
2019-01-09,6906.60009765625
2019-01-10,6942.89990234375
2019-01-11,6918.2001953125
2019-01-14,6855.0
2019-01-15,6895.0
2019-01-16,6862.7001953125
2019-01-17,6834.89990234375
2019-01-18,6968.2998046875
2019-01-21,6970.60009765625
2019-01-22,6901.39990234375
2019-01-23,6842.89990234375
2019-01-24,6819.0
2019-01-25,6809.2001953125
2019-01-28,6747.10009765625
2019-01-29,6833.89990234375
2019-01-30,6941.60009765625
2019-01-31,6968.89990234375
2019-02-01,7020.2001953125
2019-02-04,7034.10009765625
2019-02-05,7177.39990234375
2019-02-06,7173.10009765625
2019-02-07,7093.60009765625
2019-02-08,7071.2001953125
2019-02-11,7129.10009765625
2019-02-12,7133.10009765625
2019-02-13,7190.7998046875
2019-02-14,7197.0
2019-02-15,7236.7001953125
2019-02-18,7219.5
2019-02-19,7179.2001953125
2019-02-20,7228.60009765625
2019-02-21,7167.39990234375
2019-02-22,7178.60009765625
2019-02-25,7183.7001953125
2019-02-26,7151.10009765625
2019-02-27,7107.2001953125
2019-02-28,7074.7001953125
2019-03-01,7106.7001953125
2019-03-04,7134.39990234375
2019-03-05,7183.39990234375
2019-03-06,7196.0
2019-03-07,7157.60009765625
2019-03-08,7104.2998046875
2019-03-11,7130.60009765625
2019-03-12,7151.2001953125
2019-03-13,7159.2001953125
2019-03-14,7185.39990234375
2019-03-15,7228.2998046875
2019-03-18,7299.2001953125
2019-03-19,7324.0
2019-03-20,7291.0
2019-03-21,7355.2998046875
2019-03-22,7207.60009765625
2019-03-25,7177.60009765625
2019-03-26,7196.2998046875
2019-03-27,7194.2001953125
2019-03-28,7234.2998046875
2019-03-29,7279.2001953125
2019-03-31,7317.39990234375
2019-04-01,7391.10009765625
2019-04-02,7418.2998046875
2019-04-03,7401.89990234375
2019-04-04,7446.89990234375
2019-04-07,7451.89990234375
2019-04-08,7425.60009765625
2019-04-09,7421.89990234375
2019-04-10,7418.0
2019-04-11,7437.10009765625
2019-04-14,7436.89990234375
2019-04-15,7469.89990234375
2019-04-16,7471.2998046875
2019-04-17,7459.89990234375
2019-04-22,7523.10009765625
2019-04-23,7471.7998046875
2019-04-24,7434.10009765625
2019-04-25,7428.2001953125
2019-04-28,7440.7001953125
2019-04-29,7418.2001953125
2019-04-30,7385.2998046875
2019-05-01,7351.2998046875
2019-05-02,7380.60009765625
2019-05-06,7260.5
2019-05-07,7271.0
2019-05-08,7207.39990234375
2019-05-09,7203.2998046875
2019-05-12,7163.7001953125
2019-05-13,7241.60009765625
2019-05-14,7297.0
2019-05-15,7353.5
2019-05-16,7348.60009765625
2019-05-19,7310.89990234375
2019-05-20,7328.89990234375
2019-05-21,7334.2001953125
2019-05-22,7231.0
2019-05-23,7277.7001953125
2019-05-27,7269.0
2019-05-28,7185.2998046875
2019-05-29,7218.2001953125
2019-05-30,7161.7001953125
2019-06-02,7184.7998046875
2019-06-03,7214.2998046875
2019-06-04,7220.2001953125
2019-06-05,7259.89990234375
2019-06-06,7331.89990234375
2019-06-09,7375.5
2019-06-10,7398.5
2019-06-11,7367.60009765625
2019-06-12,7368.60009765625
2019-06-13,7345.7998046875
2019-06-16,7357.2998046875
2019-06-17,7443.0
2019-06-18,7403.5
2019-06-19,7424.39990234375
2019-06-20,7407.5
2019-06-23,7416.7001953125
2019-06-24,7422.39990234375
2019-06-25,7416.39990234375
2019-06-26,7402.2998046875
2019-06-27,7425.60009765625
2019-06-30,7497.5
2019-07-01,7559.2001953125
2019-07-02,7609.2998046875
2019-07-03,7603.60009765625
2019-07-04,7553.10009765625
2019-07-07,7549.2998046875
2019-07-08,7536.5
2019-07-09,7530.7001953125
2019-07-10,7509.7998046875
2019-07-11,7506.0
2019-07-14,7531.7001953125
2019-07-15,7577.2001953125
2019-07-16,7535.5
2019-07-17,7493.10009765625
2019-07-18,7508.7001953125
2019-07-21,7514.89990234375
2019-07-22,7556.89990234375
2019-07-23,7501.5
2019-07-24,7489.10009765625
2019-07-25,7549.10009765625
2019-07-28,7686.60009765625
2019-07-29,7646.7998046875
2019-07-30,7586.7998046875
2019-07-31,7584.89990234375
2019-08-01,7407.10009765625
2019-08-04,7223.89990234375
2019-08-05,7171.7001953125
2019-08-06,7198.7001953125
2019-08-07,7285.89990234375
2019-08-08,7253.89990234375
2019-08-11,7226.7001953125
2019-08-12,7250.89990234375
2019-08-13,7147.89990234375
2019-08-14,7067.0
2019-08-15,7117.2001953125
2019-08-18,7189.7001953125
2019-08-19,7125.0
2019-08-20,7204.0
2019-08-21,7128.2001953125
2019-08-22,7095.0
2019-08-26,7089.60009765625
2019-08-27,7114.7001953125
2019-08-28,7184.2998046875
2019-08-29,7207.2001953125
2019-09-01,7281.89990234375
2019-09-02,7268.2001953125
2019-09-03,7311.2998046875
2019-09-04,7271.2001953125
2019-09-05,7282.2998046875
2019-09-08,7235.7998046875
2019-09-09,7268.0
2019-09-10,7338.0
2019-09-11,7344.7001953125
2019-09-12,7367.5
2019-09-15,7321.39990234375
2019-09-16,7320.39990234375
2019-09-17,7314.10009765625
2019-09-18,7356.39990234375
2019-09-19,7344.89990234375
2019-09-22,7326.10009765625
2019-09-23,7291.39990234375
2019-09-24,7290.0
2019-09-25,7351.10009765625
2019-09-26,7426.2001953125
2019-09-29,7408.2001953125
2019-09-30,7360.2998046875
2019-10-01,7122.5
2019-10-02,7077.60009765625
2019-10-03,7155.39990234375
2019-10-06,7197.89990234375
2019-10-07,7143.2001953125
2019-10-08,7166.5
2019-10-09,7186.39990234375
2019-10-10,7247.10009765625
2019-10-13,7213.5
2019-10-14,7211.60009765625
2019-10-15,7168.0
2019-10-16,7182.2998046875
2019-10-17,7150.60009765625
2019-10-20,7163.60009765625
2019-10-21,7212.5
2019-10-22,7260.7001953125
2019-10-23,7328.2998046875
2019-10-24,7324.5
2019-10-28,7331.2998046875
2019-10-29,7306.2998046875
2019-10-30,7330.7998046875
2019-10-31,7248.39990234375
2019-11-01,7302.39990234375
2019-11-04,7369.7001953125
2019-11-05,7388.10009765625
2019-11-06,7396.7001953125
2019-11-07,7406.39990234375
2019-11-08,7359.39990234375
2019-11-11,7328.5
2019-11-12,7365.39990234375
2019-11-13,7351.2001953125
2019-11-14,7292.7998046875
2019-11-15,7302.89990234375
2019-11-18,7307.7001953125
2019-11-19,7323.7998046875
2019-11-20,7262.5
2019-11-21,7238.60009765625
2019-11-22,7326.7998046875
2019-11-25,7396.2998046875
2019-11-26,7403.10009765625
2019-11-27,7429.7998046875
2019-11-28,7416.39990234375
2019-11-29,7346.5
2019-12-02,7285.89990234375
2019-12-03,7158.7998046875
2019-12-04,7188.5
2019-12-05,7137.89990234375
2019-12-06,7239.7001953125
2019-12-09,7233.89990234375
2019-12-10,7213.7998046875
2019-12-11,7216.2998046875
2019-12-12,7273.5
2019-12-13,7353.39990234375
2019-12-16,7519.10009765625
2019-12-17,7525.2998046875
2019-12-18,7540.7998046875
2019-12-19,7573.7998046875
2019-12-20,7582.5
2019-12-23,7623.60009765625
2019-12-24,7632.2001953125
2019-12-27,7644.89990234375
2019-12-30,7587.10009765625
2019-12-31,7542.39990234375
2020-01-02,7604.2998046875
2020-01-03,7622.39990234375
2020-01-06,7575.2998046875
2020-01-07,7573.89990234375
2020-01-08,7574.89990234375
2020-01-09,7598.10009765625
2020-01-10,7587.89990234375
2020-01-13,7617.60009765625
2020-01-14,7622.39990234375
2020-01-15,7642.7998046875
2020-01-16,7609.7998046875
2020-01-17,7674.60009765625
2020-01-20,7651.39990234375
2020-01-21,7610.7001953125
2020-01-22,7571.89990234375
2020-01-23,7507.7001953125
2020-01-24,7586.0
2020-01-27,7412.10009765625
2020-01-28,7480.7001953125
2020-01-29,7483.60009765625
2020-01-30,7382.0
2020-01-31,7286.0
2020-02-03,7326.2998046875
2020-02-04,7439.7998046875
2020-02-05,7482.5
2020-02-06,7504.7998046875
2020-02-07,7466.7001953125
2020-02-10,7446.89990234375
2020-02-11,7499.39990234375
2020-02-12,7534.39990234375
2020-02-13,7452.0
2020-02-14,7409.10009765625
2020-02-17,7433.2998046875
2020-02-18,7382.0
2020-02-19,7457.0
2020-02-20,7436.60009765625
2020-02-21,7403.89990234375
2020-02-24,7156.7998046875
2020-02-25,7017.89990234375
2020-02-26,7042.5
2020-02-27,6796.39990234375
2020-02-28,6580.60009765625
2020-03-02,6654.89990234375
2020-03-03,6718.2001953125
2020-03-04,6815.60009765625
2020-03-05,6705.39990234375
2020-03-06,6462.60009765625
2020-03-09,5965.7998046875
2020-03-10,5960.2001953125
2020-03-11,5876.5
2020-03-12,5237.5
2020-03-13,5366.10009765625
2020-03-16,5151.10009765625
2020-03-17,5294.89990234375
2020-03-18,5080.60009765625
2020-03-19,5151.60009765625
2020-03-20,5190.7998046875
2020-03-23,4993.89990234375
2020-03-24,5446.0
2020-03-25,5688.2001953125
2020-03-26,5815.7001953125
2020-03-27,5510.2998046875
2020-03-29,5563.7001953125
2020-03-30,5672.0
2020-03-31,5454.60009765625
2020-04-01,5480.2001953125
2020-04-02,5415.5
2020-04-05,5582.39990234375
2020-04-06,5704.5
2020-04-07,5677.7001953125
2020-04-08,5842.7001953125
2020-04-13,5791.2998046875
2020-04-14,5597.7001953125
2020-04-15,5628.39990234375
2020-04-16,5787.0
2020-04-19,5812.7998046875
2020-04-20,5641.0
2020-04-21,5770.60009765625
2020-04-22,5826.60009765625
2020-04-23,5752.2001953125
2020-04-26,5846.7998046875
2020-04-27,5958.5
2020-04-28,6115.2998046875
2020-04-29,5901.2001953125
2020-04-30,5763.10009765625
2020-05-03,5753.7998046875
2020-05-04,5849.39990234375
2020-05-05,5853.7998046875
2020-05-06,5936.0
2020-05-10,5939.7001953125
2020-05-11,5994.7998046875
2020-05-12,5904.10009765625
2020-05-13,5741.5
2020-05-14,5799.7998046875
2020-05-17,6048.60009765625
2020-05-18,6002.2001953125
2020-05-19,6067.2001953125
2020-05-20,6015.2998046875
2020-05-21,5993.2998046875
2020-05-25,6067.7998046875
2020-05-26,6144.2998046875
2020-05-27,6218.7998046875
2020-05-28,6076.60009765625
2020-05-31,6166.39990234375
2020-06-01,6220.10009765625
2020-06-02,6382.39990234375
2020-06-03,6341.39990234375
2020-06-04,6484.2998046875
2020-06-07,6472.60009765625
2020-06-08,6335.7001953125
2020-06-09,6329.10009765625
2020-06-10,6076.7001953125
2020-06-11,6105.2001953125
2020-06-14,6064.7001953125
2020-06-15,6242.7998046875
2020-06-16,6253.2998046875
2020-06-17,6224.10009765625
2020-06-18,6292.60009765625
2020-06-21,6244.60009765625
2020-06-22,6320.10009765625
2020-06-23,6123.7001953125
2020-06-24,6147.10009765625
2020-06-25,6159.2998046875
2020-06-28,6225.7998046875
2020-06-29,6169.7001953125
2020-06-30,6158.0
2020-07-01,6240.39990234375
2020-07-02,6157.2998046875
2020-07-05,6285.89990234375
2020-07-06,6189.89990234375
2020-07-07,6156.2001953125
2020-07-08,6049.60009765625
2020-07-09,6095.39990234375
2020-07-12,6176.2001953125
2020-07-13,6179.7998046875
2020-07-14,6292.7001953125
2020-07-15,6250.7001953125
2020-07-16,6290.2998046875
2020-07-19,6261.5
2020-07-20,6269.7001953125
2020-07-21,6207.10009765625
2020-07-22,6211.39990234375
2020-07-23,6123.7998046875
2020-07-26,6104.89990234375
2020-07-27,6129.2998046875
2020-07-28,6131.5
2020-07-29,5990.0
2020-07-30,5897.7998046875
2020-08-02,6032.89990234375
2020-08-03,6036.0
2020-08-04,6104.7001953125
2020-08-05,6026.89990234375
2020-08-06,6032.2001953125
2020-08-09,6050.60009765625
2020-08-10,6154.2998046875
2020-08-11,6280.10009765625
2020-08-12,6185.60009765625
2020-08-13,6090.0
2020-08-16,6127.39990234375
2020-08-17,6076.60009765625
2020-08-18,6112.0
2020-08-19,6013.2998046875
2020-08-20,6001.89990234375
2020-08-23,6104.7001953125
2020-08-24,6037.0
2020-08-25,6045.60009765625
2020-08-26,6000.0
2020-08-27,5963.60009765625
2020-08-31,5862.10009765625
2020-09-01,5941.0
2020-09-02,5850.89990234375
2020-09-03,5799.10009765625
2020-09-06,5937.39990234375
2020-09-07,5930.2998046875
2020-09-08,6012.7998046875
2020-09-09,6003.2998046875
2020-09-10,6032.10009765625
2020-09-13,6026.2998046875
2020-09-14,6105.5
2020-09-15,6078.5
2020-09-16,6049.89990234375
2020-09-17,6007.10009765625
2020-09-20,5804.2998046875
2020-09-21,5829.5
2020-09-22,5899.2998046875
2020-09-23,5822.7998046875
2020-09-24,5842.7001953125
2020-09-27,5927.89990234375
2020-09-28,5897.5
2020-09-29,5866.10009765625
2020-09-30,5879.5
2020-10-01,5902.10009765625
2020-10-04,5942.89990234375
2020-10-05,5949.89990234375
2020-10-06,5946.2998046875
2020-10-07,5978.0
2020-10-08,6016.7001953125
2020-10-11,6001.39990234375
2020-10-12,5969.7001953125
2020-10-13,5935.10009765625
2020-10-14,5832.5
2020-10-15,5919.60009765625
2020-10-18,5884.7001953125
2020-10-19,5889.2001953125
2020-10-20,5776.5
2020-10-21,5785.7001953125
2020-10-22,5860.2998046875
2020-10-26,5792.0
2020-10-27,5729.0
2020-10-28,5582.7998046875
2020-10-29,5581.7998046875
2020-10-30,5577.2998046875
2020-11-02,5655.0
2020-11-03,5786.7998046875
2020-11-04,5883.2998046875
2020-11-05,5906.2001953125
2020-11-06,5910.0
2020-11-09,6186.2998046875
2020-11-10,6296.89990234375
2020-11-11,6382.10009765625
2020-11-12,6338.89990234375
2020-11-13,6316.39990234375
2020-11-16,6421.2998046875
2020-11-17,6365.2998046875
2020-11-18,6385.2001953125
2020-11-19,6334.39990234375
2020-11-20,6351.5
2020-11-23,6333.7998046875
2020-11-24,6432.2001953125
2020-11-25,6391.10009765625
2020-11-26,6362.89990234375
2020-11-27,6367.60009765625
2020-11-30,6266.2001953125
2020-12-01,6384.7001953125
2020-12-02,6463.39990234375
2020-12-03,6490.2998046875
2020-12-04,6550.2001953125
2020-12-07,6555.39990234375
2020-12-08,6558.7998046875
2020-12-09,6564.2998046875
2020-12-10,6599.7998046875
2020-12-11,6546.7998046875
2020-12-14,6531.7998046875
2020-12-15,6513.2998046875
2020-12-16,6570.89990234375
2020-12-17,6551.10009765625
2020-12-18,6529.2001953125
2020-12-21,6416.2998046875
2020-12-23,6495.7998046875
2020-12-24,6502.10009765625
2020-12-29,6602.7001953125
2020-12-30,6555.7998046875
2020-12-31,6460.5
2021-01-04,6571.89990234375
2021-01-05,6612.2998046875
2021-01-06,6841.89990234375
2021-01-07,6857.0
2021-01-08,6873.2998046875
2021-01-11,6798.5
2021-01-12,6754.10009765625
2021-01-13,6745.5
2021-01-14,6802.0
2021-01-15,6735.7001953125
2021-01-18,6720.7001953125
2021-01-19,6713.0
2021-01-20,6740.39990234375
2021-01-21,6715.39990234375
2021-01-22,6695.10009765625
2021-01-25,6638.89990234375
2021-01-26,6654.0
2021-01-27,6567.39990234375
2021-01-28,6526.2001953125
2021-01-29,6407.5
2021-02-01,6466.39990234375
2021-02-02,6516.7001953125
2021-02-03,6507.7998046875
2021-02-04,6503.7001953125
2021-02-05,6489.2998046875
2021-02-08,6523.5
2021-02-09,6531.60009765625
2021-02-10,6524.39990234375
2021-02-11,6528.7001953125
2021-02-12,6589.7998046875
2021-02-15,6756.10009765625
2021-02-16,6748.89990234375
2021-02-17,6710.89990234375
2021-02-18,6617.2001953125
2021-02-19,6624.0
2021-02-22,6612.2001953125
2021-02-23,6625.89990234375
2021-02-24,6659.0
2021-02-25,6652.0
2021-02-26,6483.39990234375
2021-03-01,6588.5
2021-03-02,6613.7998046875
2021-03-03,6675.5
2021-03-04,6650.89990234375
2021-03-05,6630.5
2021-03-08,6719.10009765625
2021-03-09,6730.2998046875
2021-03-10,6725.60009765625
2021-03-11,6737.0
2021-03-12,6761.5
2021-03-15,6749.7001953125
2021-03-16,6803.60009765625
2021-03-17,6762.7001953125
2021-03-18,6779.7001953125
2021-03-19,6708.7001953125
2021-03-22,6726.10009765625
2021-03-23,6699.2001953125
2021-03-24,6712.89990234375
2021-03-25,6674.7998046875
2021-03-26,6740.60009765625
2021-03-28,6736.2001953125
2021-03-29,6772.10009765625
2021-03-30,6713.60009765625
2021-03-31,6737.2998046875
2021-04-05,6823.60009765625
2021-04-06,6885.2998046875
2021-04-07,6942.2001953125
2021-04-08,6915.7998046875
2021-04-11,6889.10009765625
2021-04-12,6890.5
2021-04-13,6939.60009765625
2021-04-14,6983.5
2021-04-15,7019.5
2021-04-18,7000.10009765625
2021-04-19,6859.89990234375
2021-04-20,6895.2998046875
2021-04-21,6938.2001953125
2021-04-22,6938.60009765625
2021-04-25,6963.10009765625
2021-04-26,6945.0
2021-04-27,6963.7001953125
2021-04-28,6961.5
2021-04-29,6969.7998046875
2021-05-03,6923.2001953125
2021-05-04,7039.2998046875
2021-05-05,7076.2001953125
2021-05-06,7129.7001953125
2021-05-09,7123.7001953125
2021-05-10,6948.0
2021-05-11,7004.60009765625
2021-05-12,6963.2998046875
2021-05-13,7043.60009765625
2021-05-16,7032.89990234375
2021-05-17,7034.2001953125
2021-05-18,6950.2001953125
2021-05-19,7019.7998046875
2021-05-20,7018.10009765625
2021-05-23,7051.60009765625
2021-05-24,7029.7998046875
2021-05-25,7026.89990234375
2021-05-26,7019.7001953125
2021-05-27,7022.60009765625
2021-05-31,7080.5
2021-06-01,7108.0
2021-06-02,7064.39990234375
2021-06-03,7069.0
2021-06-06,7077.2001953125
2021-06-07,7095.10009765625
2021-06-08,7081.0
2021-06-09,7088.2001953125
2021-06-10,7134.10009765625
2021-06-13,7146.7001953125
2021-06-14,7172.5
2021-06-15,7185.0
2021-06-16,7153.39990234375
2021-06-17,7017.5
2021-06-20,7062.2998046875
2021-06-21,7090.0
2021-06-22,7074.10009765625
2021-06-23,7110.0
2021-06-24,7136.10009765625
2021-06-27,7073.0
2021-06-28,7087.60009765625
2021-06-29,7037.5
2021-06-30,7125.2001953125
2021-07-01,7123.2998046875
2021-07-04,7164.89990234375
2021-07-05,7100.89990234375
2021-07-06,7151.0
2021-07-07,7030.7001953125
2021-07-08,7121.89990234375
2021-07-11,7125.39990234375
2021-07-12,7124.7001953125
2021-07-13,7091.2001953125
2021-07-14,7012.0
2021-07-15,7008.10009765625
2021-07-18,6844.39990234375
2021-07-19,6881.10009765625
2021-07-20,6998.2998046875
2021-07-21,6968.2998046875
2021-07-22,7027.60009765625
2021-07-25,7025.39990234375
2021-07-26,6996.10009765625
2021-07-27,7016.60009765625
2021-07-28,7078.39990234375
2021-07-29,7032.2998046875
2021-08-01,7081.7001953125
2021-08-02,7105.7001953125
2021-08-03,7123.89990234375
2021-08-04,7120.39990234375
2021-08-05,7123.0
2021-08-08,7132.2998046875
2021-08-09,7161.0
2021-08-10,7220.10009765625
2021-08-11,7193.2001953125
2021-08-12,7218.7001953125
2021-08-15,7154.0
2021-08-16,7181.10009765625
2021-08-17,7169.2998046875
2021-08-18,7058.89990234375
2021-08-19,7087.89990234375
2021-08-22,7109.0
2021-08-23,7125.7998046875
2021-08-24,7150.10009765625
2021-08-25,7125.0
2021-08-26,7148.0
2021-08-30,7119.7001953125
2021-08-31,7149.7998046875
2021-09-01,7163.89990234375
2021-09-02,7138.39990234375
2021-09-05,7187.2001953125
2021-09-06,7149.39990234375
2021-09-07,7095.5
2021-09-08,7024.2001953125
2021-09-09,7029.2001953125
2021-09-12,7068.39990234375
2021-09-13,7034.10009765625
2021-09-14,7016.5
2021-09-15,7027.5
2021-09-16,6963.60009765625
2021-09-19,6903.89990234375
2021-09-20,6981.0
2021-09-21,7083.39990234375
2021-09-22,7078.39990234375
2021-09-23,7051.5
2021-09-26,7063.39990234375
2021-09-27,7028.10009765625
2021-09-28,7108.2001953125
2021-09-29,7086.39990234375
2021-09-30,7027.10009765625
2021-10-03,7011.0
2021-10-04,7077.10009765625
2021-10-05,6995.89990234375
2021-10-06,7078.0
2021-10-07,7095.60009765625
2021-10-10,7146.89990234375
2021-10-11,7130.2001953125
2021-10-12,7141.7998046875
2021-10-13,7207.7001953125
2021-10-14,7234.0
2021-10-17,7203.7998046875
2021-10-18,7217.5
2021-10-19,7223.10009765625
2021-10-20,7190.2998046875
2021-10-21,7204.60009765625
2021-10-24,7222.7998046875
2021-10-25,7277.60009765625
2021-10-26,7253.2998046875
2021-10-27,7249.5
2021-10-28,7237.60009765625
2021-11-01,7288.60009765625
2021-11-02,7274.7998046875
2021-11-03,7248.89990234375
2021-11-04,7279.89990234375
2021-11-05,7304.0
2021-11-08,7300.39990234375
2021-11-09,7274.0
2021-11-10,7340.2001953125
2021-11-11,7384.2001953125
2021-11-12,7347.89990234375
2021-11-15,7351.89990234375
2021-11-16,7327.0
2021-11-17,7291.2001953125
2021-11-18,7256.0
2021-11-19,7223.60009765625
2021-11-22,7255.5
2021-11-23,7266.7001953125
2021-11-24,7286.2998046875
2021-11-25,7310.39990234375
2021-11-26,7044.0
2021-11-29,7110.0
2021-11-30,7059.5
2021-12-01,7168.7001953125
2021-12-02,7129.2001953125
2021-12-03,7122.2998046875
2021-12-06,7232.2998046875
2021-12-07,7339.89990234375
2021-12-08,7337.39990234375
2021-12-09,7321.2998046875
2021-12-10,7291.7998046875
2021-12-13,7231.39990234375
2021-12-14,7218.60009765625
2021-12-15,7170.7998046875
2021-12-16,7260.60009765625
2021-12-17,7269.89990234375
2021-12-20,7198.0
2021-12-21,7297.39990234375
2021-12-22,7341.7001953125
2021-12-23,7373.2998046875
2021-12-24,7372.10009765625
2021-12-29,7420.7001953125
2021-12-30,7403.0
2021-12-31,7384.5
2022-01-04,7505.2001953125
2022-01-05,7516.89990234375
2022-01-06,7450.39990234375
2022-01-07,7485.2998046875
2022-01-10,7445.2998046875
2022-01-11,7491.39990234375
2022-01-12,7551.7001953125
2022-01-13,7563.89990234375
2022-01-14,7543.0
2022-01-17,7611.2001953125
2022-01-18,7563.60009765625
2022-01-19,7589.7001953125
2022-01-20,7585.0
2022-01-21,7494.10009765625
2022-01-24,7297.2001953125
2022-01-25,7371.5
2022-01-26,7469.7998046875
2022-01-27,7554.2998046875
2022-01-28,7466.10009765625
2022-01-31,7464.39990234375
2022-02-01,7535.7998046875
2022-02-02,7583.0
2022-02-03,7528.7998046875
2022-02-04,7516.39990234375
2022-02-07,7573.5
2022-02-08,7567.10009765625
2022-02-09,7643.39990234375
2022-02-10,7672.39990234375
2022-02-11,7661.0
2022-02-14,7531.60009765625
2022-02-15,7608.89990234375
2022-02-16,7603.7998046875
2022-02-17,7537.39990234375
2022-02-18,7513.60009765625
2022-02-21,7484.2998046875
2022-02-22,7494.2001953125
2022-02-23,7498.2001953125
2022-02-24,7207.0
2022-02-25,7489.5
2022-02-28,7458.2998046875
2022-03-01,7330.2001953125
2022-03-02,7429.60009765625
2022-03-03,7238.89990234375
2022-03-04,6987.10009765625
2022-03-07,6959.5
2022-03-08,6964.10009765625
2022-03-09,7190.7001953125
2022-03-10,7099.10009765625
2022-03-11,7155.60009765625
2022-03-14,7193.5
2022-03-15,7175.7001953125
2022-03-16,7291.7001953125
2022-03-17,7385.2998046875
2022-03-18,7404.7001953125
2022-03-21,7442.39990234375
2022-03-22,7476.7001953125
2022-03-23,7460.60009765625
2022-03-24,7467.39990234375
2022-03-25,7483.39990234375
2022-03-27,7473.10009765625
2022-03-28,7537.2998046875
2022-03-29,7578.7998046875
2022-03-30,7515.7001953125
2022-03-31,7537.89990234375
2022-04-03,7558.89990234375
2022-04-04,7613.7001953125
2022-04-05,7587.7001953125
2022-04-06,7551.7998046875
2022-04-07,7669.60009765625
2022-04-10,7618.2998046875
2022-04-11,7576.7001953125
2022-04-12,7580.7998046875
2022-04-13,7616.39990234375
2022-04-18,7601.2998046875
2022-04-19,7629.2001953125
2022-04-20,7628.0
2022-04-21,7521.7001953125
2022-04-24,7380.5
2022-04-25,7386.2001953125
2022-04-26,7425.60009765625
2022-04-27,7509.2001953125
2022-04-28,7544.60009765625
2022-05-02,7561.2998046875
2022-05-03,7493.5
2022-05-04,7503.2998046875
2022-05-05,7387.89990234375
2022-05-08,7216.60009765625
2022-05-09,7243.2001953125
2022-05-10,7347.7001953125
2022-05-11,7233.2998046875
2022-05-12,7418.2001953125
2022-05-15,7464.7998046875
2022-05-16,7518.39990234375
2022-05-17,7438.10009765625
2022-05-18,7302.7001953125
2022-05-19,7390.0
2022-05-22,7513.39990234375
2022-05-23,7484.39990234375
2022-05-24,7522.7998046875
2022-05-25,7564.89990234375
2022-05-26,7585.5
2022-05-29,7600.10009765625
2022-05-30,7607.7001953125
2022-05-31,7533.0
2022-06-05,7608.2001953125
2022-06-06,7598.89990234375
2022-06-07,7593.0
2022-06-08,7476.2001953125
2022-06-09,7317.5
2022-06-12,7205.7998046875
2022-06-13,7187.5
2022-06-14,7273.39990234375
2022-06-15,7045.0
2022-06-16,7016.2998046875
2022-06-19,7121.7998046875
2022-06-20,7152.10009765625
2022-06-21,7089.2001953125
2022-06-22,7020.5
2022-06-23,7208.7998046875
2022-06-26,7258.2998046875
2022-06-27,7323.39990234375
2022-06-28,7312.2998046875
2022-06-29,7169.2998046875
2022-06-30,7168.7001953125
2022-07-03,7232.7001953125
2022-07-04,7025.5
2022-07-05,7107.7998046875
2022-07-06,7189.10009765625
2022-07-07,7196.2001953125
2022-07-10,7196.60009765625
2022-07-11,7209.89990234375
2022-07-12,7156.39990234375
2022-07-13,7039.7998046875
2022-07-14,7159.0
2022-07-17,7223.2001953125
2022-07-18,7296.2998046875
2022-07-19,7264.2998046875
2022-07-20,7270.5
2022-07-21,7276.39990234375
2022-07-24,7306.2998046875
2022-07-25,7306.2998046875
2022-07-26,7348.2001953125
2022-07-27,7345.2998046875
2022-07-28,7423.39990234375
2022-07-31,7413.39990234375
2022-08-01,7409.10009765625
2022-08-02,7445.7001953125
2022-08-03,7448.10009765625
2022-08-04,7439.7001953125
2022-08-07,7482.39990234375
2022-08-08,7488.2001953125
2022-08-09,7507.10009765625
2022-08-10,7465.89990234375
2022-08-11,7500.89990234375
2022-08-14,7509.2001953125
2022-08-15,7536.10009765625
2022-08-16,7515.7998046875
2022-08-17,7541.89990234375
2022-08-18,7550.39990234375
2022-08-21,7533.7998046875
2022-08-22,7488.10009765625
2022-08-23,7471.5
2022-08-24,7479.7001953125
2022-08-25,7427.2998046875
2022-08-29,7361.60009765625
2022-08-30,7284.2001953125
2022-08-31,7148.5
2022-09-01,7281.2001953125
2022-09-04,7287.39990234375
2022-09-05,7300.39990234375
2022-09-06,7237.7998046875
2022-09-07,7262.10009765625
2022-09-08,7351.10009765625
2022-09-11,7473.0
2022-09-12,7385.89990234375
2022-09-13,7277.2998046875
2022-09-14,7282.10009765625
2022-09-15,7236.7001953125
2022-09-19,7192.7001953125
2022-09-20,7237.60009765625
2022-09-21,7159.5
2022-09-22,7018.60009765625
2022-09-25,7021.0
2022-09-26,6984.60009765625
2022-09-27,7005.39990234375
2022-09-28,6881.60009765625
2022-09-29,6893.7998046875
2022-10-02,6908.7998046875
2022-10-03,7086.5
2022-10-04,7052.60009765625
2022-10-05,6997.2998046875
2022-10-06,6991.10009765625
2022-10-09,6959.2998046875
2022-10-10,6885.2001953125
2022-10-11,6826.2001953125
2022-10-12,6850.2998046875
2022-10-13,6858.7998046875
2022-10-16,6920.2001953125
2022-10-17,6936.7001953125
2022-10-18,6925.0
2022-10-19,6943.89990234375
2022-10-20,6969.7001953125
2022-10-23,7014.0
2022-10-24,7013.5
2022-10-25,7056.10009765625
2022-10-26,7073.7001953125
2022-10-27,7047.7001953125
2022-10-31,7094.5
2022-11-01,7186.2001953125
2022-11-02,7144.10009765625
2022-11-03,7188.60009765625
2022-11-04,7334.7998046875
2022-11-07,7300.0
2022-11-08,7306.10009765625
2022-11-09,7296.2998046875
2022-11-10,7375.2998046875
2022-11-11,7318.0
2022-11-14,7385.2001953125
2022-11-15,7369.39990234375
2022-11-16,7351.2001953125
2022-11-17,7346.5
2022-11-18,7385.5
2022-11-21,7376.89990234375
2022-11-22,7452.7998046875
2022-11-23,7465.2001953125
2022-11-24,7466.60009765625
2022-11-25,7486.7001953125
2022-11-28,7474.0
2022-11-29,7512.0
2022-11-30,7573.10009765625
2022-12-01,7558.5
2022-12-02,7556.2001953125
2022-12-05,7567.5
2022-12-06,7521.39990234375
2022-12-07,7489.2001953125
2022-12-08,7472.2001953125
2022-12-09,7476.60009765625
2022-12-12,7446.0
2022-12-13,7502.89990234375
2022-12-14,7495.89990234375
2022-12-15,7426.2001953125
2022-12-16,7332.10009765625
2022-12-19,7361.2998046875
2022-12-20,7370.60009765625
2022-12-21,7497.2998046875
2022-12-22,7469.2998046875
2022-12-23,7473.0
2022-12-28,7497.2001953125
2022-12-29,7512.7001953125
2022-12-30,7451.7001953125
2023-01-03,7554.10009765625
2023-01-04,7585.2001953125
2023-01-05,7633.5
2023-01-06,7699.5
2023-01-09,7724.89990234375
2023-01-10,7694.5
2023-01-11,7725.0
2023-01-12,7794.0
2023-01-13,7844.10009765625
2023-01-16,7860.10009765625
2023-01-17,7851.0
2023-01-18,7830.7001953125
2023-01-19,7747.2998046875
2023-01-20,7770.60009765625
2023-01-23,7784.7001953125
2023-01-24,7757.39990234375
2023-01-25,7744.89990234375
2023-01-26,7761.10009765625
2023-01-27,7765.2001953125
2023-01-30,7784.89990234375
2023-01-31,7771.7001953125
2023-02-01,7761.10009765625
2023-02-02,7820.2001953125
2023-02-03,7901.7998046875
2023-02-06,7836.7001953125
2023-02-07,7864.7001953125
2023-02-08,7885.2001953125
2023-02-09,7911.2001953125
2023-02-10,7882.5
2023-02-13,7947.60009765625
2023-02-14,7953.89990234375
2023-02-15,7997.7998046875
2023-02-16,8012.5
2023-02-17,8004.39990234375
2023-02-20,8014.2998046875
2023-02-21,7977.7998046875
2023-02-22,7930.60009765625
2023-02-23,7907.7001953125
2023-02-24,7878.7001953125
2023-02-27,7935.10009765625
2023-02-28,7876.2998046875
2023-03-01,7914.89990234375
2023-03-02,7944.0
2023-03-03,7947.10009765625
2023-03-06,7929.7998046875
2023-03-07,7919.5
2023-03-08,7929.89990234375
2023-03-09,7880.0
2023-03-10,7748.39990234375
2023-03-13,7548.60009765625
2023-03-14,7637.10009765625
2023-03-15,7344.5
2023-03-16,7410.0
2023-03-17,7335.39990234375
2023-03-20,7403.89990234375
2023-03-21,7536.2001953125
2023-03-22,7566.7998046875
2023-03-23,7499.60009765625
2023-03-24,7405.5
2023-03-26,7471.7998046875
2023-03-27,7484.2998046875
2023-03-28,7564.2998046875
2023-03-29,7620.39990234375
2023-03-30,7631.7001953125
2023-04-02,7673.0
2023-04-03,7634.5
2023-04-04,7662.89990234375
2023-04-05,7741.60009765625
2023-04-10,7785.7001953125
2023-04-11,7824.7998046875
2023-04-12,7843.39990234375
2023-04-13,7871.89990234375
2023-04-16,7879.5
2023-04-17,7909.39990234375
2023-04-18,7898.7998046875
2023-04-19,7902.60009765625
2023-04-20,7914.10009765625
2023-04-23,7912.2001953125
2023-04-24,7891.10009765625
2023-04-25,7852.60009765625
2023-04-26,7831.60009765625
2023-04-27,7870.60009765625
2023-05-01,7773.0
2023-05-02,7788.39990234375
2023-05-03,7702.60009765625
2023-05-04,7778.39990234375
2023-05-08,7764.10009765625
2023-05-09,7741.2998046875
2023-05-10,7730.60009765625
2023-05-11,7754.60009765625
2023-05-14,7777.7001953125
2023-05-15,7751.10009765625
2023-05-16,7723.2001953125
2023-05-17,7742.2998046875
2023-05-18,7756.89990234375
2023-05-21,7771.0
2023-05-22,7763.0
2023-05-23,7627.10009765625
2023-05-24,7570.89990234375
2023-05-25,7627.2001953125
2023-05-29,7522.10009765625
2023-05-30,7446.10009765625
2023-05-31,7490.2998046875
2023-06-01,7607.2998046875
2023-06-04,7600.0
2023-06-05,7628.10009765625
2023-06-06,7624.2998046875
2023-06-07,7599.7001953125
2023-06-08,7562.39990234375
2023-06-11,7570.7001953125
2023-06-12,7594.7998046875
2023-06-13,7602.7001953125
2023-06-14,7628.2998046875
2023-06-15,7642.7001953125
2023-06-18,7588.5
2023-06-19,7569.2998046875
2023-06-20,7559.2001953125
2023-06-21,7502.0
2023-06-22,7461.89990234375
2023-06-25,7453.60009765625
2023-06-26,7461.5
2023-06-27,7500.5
2023-06-28,7471.7001953125
2023-06-29,7531.5
2023-07-02,7527.2998046875
2023-07-03,7519.7001953125
2023-07-04,7442.10009765625
2023-07-05,7280.5
2023-07-06,7256.89990234375
2023-07-09,7273.7998046875
2023-07-10,7282.5
2023-07-11,7416.10009765625
2023-07-12,7440.2001953125
2023-07-13,7434.60009765625
2023-07-16,7406.39990234375
2023-07-17,7453.7001953125
2023-07-18,7588.2001953125
2023-07-19,7646.10009765625
2023-07-20,7663.7001953125
2023-07-23,7678.60009765625
2023-07-24,7691.7998046875
2023-07-25,7676.89990234375
2023-07-26,7692.7998046875
2023-07-27,7694.2998046875
2023-07-30,7699.39990234375
2023-07-31,7666.2998046875
2023-08-01,7561.60009765625
2023-08-02,7529.2001953125
2023-08-03,7564.39990234375
2023-08-06,7554.5
2023-08-07,7527.39990234375
2023-08-08,7587.2998046875
2023-08-09,7618.60009765625
2023-08-10,7524.2001953125
2023-08-13,7507.2001953125
2023-08-14,7389.60009765625
2023-08-15,7356.89990234375
2023-08-16,7310.2001953125
2023-08-17,7262.39990234375
2023-08-20,7257.7998046875
2023-08-21,7270.7998046875
2023-08-22,7320.5
2023-08-23,7333.60009765625
2023-08-24,7338.60009765625
2023-08-28,7465.0
2023-08-29,7473.7001953125
2023-08-30,7439.10009765625
2023-08-31,7464.5
2023-09-03,7452.7998046875
2023-09-04,7437.89990234375
2023-09-05,7426.10009765625
2023-09-06,7441.7001953125
2023-09-07,7478.2001953125
2023-09-10,7496.89990234375
2023-09-11,7527.5
2023-09-12,7526.0
2023-09-13,7673.10009765625
2023-09-14,7711.39990234375
2023-09-17,7652.89990234375
2023-09-18,7660.2001953125
2023-09-19,7731.7001953125
2023-09-20,7678.60009765625
2023-09-21,7683.89990234375
2023-09-24,7624.0
2023-09-25,7625.7001953125
2023-09-26,7593.2001953125
2023-09-27,7601.89990234375
2023-09-28,7608.10009765625
2023-10-01,7510.7001953125
2023-10-02,7470.2001953125
2023-10-03,7412.5
2023-10-04,7451.5
2023-10-05,7494.60009765625
2023-10-08,7492.2001953125
2023-10-09,7628.2001953125
2023-10-10,7620.0
2023-10-11,7644.7998046875
2023-10-12,7599.60009765625
2023-10-15,7630.60009765625
2023-10-16,7675.2001953125
2023-10-17,7588.0
2023-10-18,7499.5
2023-10-19,7402.10009765625
2023-10-22,7374.7998046875
2023-10-23,7389.7001953125
2023-10-24,7414.2998046875
2023-10-25,7354.60009765625
2023-10-26,7291.2998046875
2023-10-30,7327.39990234375
2023-10-31,7321.7001953125
2023-11-01,7342.39990234375
2023-11-02,7446.5
2023-11-03,7417.7001953125
2023-11-06,7417.7998046875
2023-11-07,7410.0
2023-11-08,7401.7001953125
2023-11-09,7455.7001953125
2023-11-10,7360.60009765625
2023-11-13,7425.7998046875
2023-11-14,7440.5
2023-11-15,7486.89990234375
2023-11-16,7411.0
2023-11-17,7504.2998046875
2023-11-20,7496.39990234375
2023-11-21,7482.0
2023-11-22,7469.5
2023-11-23,7483.60009765625
2023-11-24,7488.2001953125
2023-11-27,7460.7001953125
2023-11-28,7455.2001953125
2023-11-29,7423.5
2023-11-30,7453.7998046875
2023-12-01,7529.39990234375
2023-12-04,7513.0
2023-12-05,7489.7998046875
2023-12-06,7515.39990234375
2023-12-07,7513.7001953125
2023-12-08,7554.5
2023-12-11,7544.89990234375
2023-12-12,7542.7998046875
2023-12-13,7548.39990234375
2023-12-14,7649.0
2023-12-15,7576.39990234375
2023-12-18,7614.5
2023-12-19,7638.0
2023-12-20,7715.7001953125
2023-12-21,7694.7001953125
2023-12-22,7697.5
2023-12-27,7725.0
2023-12-28,7722.7001953125
2023-12-29,7733.2001953125
